seed,variable,mean_weight
1,LBXHXCLA,0.21154615685799252
1,LBXF03LA,0.1805034245904564
1,LBXF04LA,0.11249456035917692
1,LBXPCBLA,0.09950622705615723
1,LBX099LA,0.08561698077237476
1,LBX118LA,0.06402829166301188
1,LBXF08LA,0.06282420058769451
1,LBX194LA,0.05405376608020839
1,LBX153LA,0.028060549736384947
1,LBXD07LA,0.02745101230988283
1,LBXD05LA,0.024513060829369944
1,LBX138LA,0.01794120242858895
1,LBXF05LA,0.01088406548444643
1,LBX187LA,0.007925796218618188
1,LBX074LA,0.00705758316182502
1,LBX170LA,0.0033586541193689097
1,LBXD03LA,0.0016787254772812712
1,LBX180LA,5.557422671609065e-4
2,LBXF03LA,0.348709905350594
2,LBXF08LA,0.19891893241754297
2,LBXPCBLA,0.12966878229313059
2,LBX099LA,0.11770364705887211
2,LBX118LA,0.10378584859701237
2,LBXF04LA,0.03658130652793256
2,LBXF05LA,0.03457729270520259
2,LBX074LA,0.008380421108133947
2,LBX138LA,0.008203974399000162
2,LBXD03LA,0.006339516297419536
2,LBXD05LA,0.004990378189112663
2,LBX187LA,0.0014017897520776429
2,LBX153LA,4.5402585317943226e-4
2,LBXD07LA,2.834870287451313e-4
2,LBXHXCLA,3.6791133479898615e-7
2,LBX170LA,1.3038087525259915e-7
2,LBX180LA,1.0831149792612324e-7
2,LBX194LA,8.581833615573869e-8
3,LBXF03LA,0.4796723069197356
3,LBX099LA,0.13686989496169621
3,LBX118LA,0.10384672860758766
3,LBXD03LA,0.08047073662861859
3,LBXF08LA,0.06499702365324916
3,LBX074LA,0.038266455730367174
3,LBXPCBLA,0.029464304904149315
3,LBXHXCLA,0.02022207221162634
3,LBXD07LA,0.016820147581720908
3,LBXF05LA,0.008158245666428409
3,LBX187LA,0.004933254494826753
3,LBX194LA,0.003959594016962384
3,LBXD05LA,0.0031542175300023974
3,LBX138LA,0.002429696201443095
3,LBX180LA,0.0016839751441515797
3,LBX153LA,0.0016838977033020524
3,LBX170LA,0.001683767804749499
3,LBXF04LA,0.001683680239382809
4,LBXF03LA,0.3544268340679316
4,LBX187LA,0.13889412936753753
4,LBXHXCLA,0.1188444653998336
4,LBXD03LA,0.07946147776790335
4,LBX099LA,0.07923903069847826
4,LBXPCBLA,0.0791018166172152
4,LBXF08LA,0.05024187082460151
4,LBX118LA,0.04118044502422037
4,LBXF04LA,0.02686711308858092
4,LBXD07LA,0.014549704629180557
4,LBXF05LA,0.0059577016120375414
4,LBX074LA,0.0042674366047042904
4,LBXD05LA,0.00403149281065679
4,LBX138LA,6.44566626719691e-4
4,LBX170LA,5.730162081986796e-4
4,LBX153LA,5.729937529156848e-4
4,LBX194LA,5.729673046407541e-4
4,LBX180LA,5.729375946433502e-4
5,LBXPCBLA,0.2404523190236306
5,LBXHXCLA,0.16900975953420908
5,LBXF03LA,0.14810519771692982
5,LBX099LA,0.11207649512108545
5,LBXF08LA,0.09589191927405004
5,LBXD05LA,0.07566399977219088
5,LBXF04LA,0.06489771928665591
5,LBX118LA,0.04089259831874356
5,LBXD07LA,0.021258869966957243
5,LBXD03LA,0.01593938364644934
5,LBX194LA,0.005714721928296268
5,LBXF05LA,0.0041053139974540145
5,LBX170LA,0.0024520811112888593
5,LBX187LA,7.616338136858218e-4
5,LBX138LA,6.945114378066465e-4
5,LBX074LA,6.944983719246004e-4
5,LBX153LA,6.944929382549251e-4
5,LBX180LA,6.944847403869234e-4
6,LBXPCBLA,0.3262235525106081
6,LBXF03LA,0.2945734009813774
6,LBXF05LA,0.0821527770508542
6,LBX099LA,0.07955477638564831
6,LBX138LA,0.05976008072186492
6,LBX118LA,0.040979426365259336
6,LBX194LA,0.025900715810949732
6,LBXF04LA,0.025749116123559197
6,LBXHXCLA,0.01870534888704253
6,LBXF08LA,0.01653082033027742
6,LBX153LA,0.008959516284346332
6,LBX074LA,0.006413522128988537
6,LBXD03LA,0.004869101142791227
6,LBXD05LA,0.002647658625443379
6,LBX187LA,0.001979516353028141
6,LBX170LA,0.0016669494600581
6,LBX180LA,0.0016669483833183214
6,LBXD07LA,0.0016667724545848409
7,LBXF03LA,0.3302690807496529
7,LBXPCBLA,0.2430889873771231
7,LBXHXCLA,0.18600888012409558
7,LBX118LA,0.09323999207838328
7,LBX170LA,0.05945886579123393
7,LBX153LA,0.029365898844320625
7,LBXD03LA,0.01593009047617035
7,LBX194LA,0.010035273596701737
7,LBXF04LA,0.006975278971774629
7,LBX187LA,0.00689657767946452
7,LBX074LA,0.0056413236720178435
7,LBXF05LA,0.005399583676102844
7,LBXF08LA,0.0020493422173863767
7,LBXD07LA,0.0019308199636861665
7,LBX099LA,0.0019300561078124602
7,LBX138LA,5.974386542552538e-4
7,LBX180LA,5.913765610039121e-4
7,LBXD05LA,5.911334588135573e-4
8,LBXF04LA,0.30483059791569056
8,LBXF08LA,0.17833774212996495
8,LBXF03LA,0.09537147309541542
8,LBX074LA,0.08046235008690711
8,LBXD03LA,0.06980593855511016
8,LBX194LA,0.06239982500048042
8,LBX118LA,0.061017376139070795
8,LBXPCBLA,0.051143184921061735
8,LBXD07LA,0.04080668702896843
8,LBX099LA,0.015583206742757674
8,LBXHXCLA,0.015419134365952101
8,LBXF05LA,0.006177107014811361
8,LBX153LA,0.005472775384676203
8,LBX187LA,0.00524884062090658
8,LBXD05LA,0.004149048364623694
8,LBX180LA,0.0025757119589632544
8,LBX170LA,6.377264837882968e-4
8,LBX138LA,5.612741908512824e-4
9,LBXPCBLA,0.31523331956656603
9,LBX074LA,0.1302997608779618
9,LBX118LA,0.12258831312141773
9,LBXF08LA,0.08382404747097516
9,LBXF03LA,0.06388425753814164
9,LBX099LA,0.059621042813213586
9,LBXD05LA,0.04864215151690829
9,LBXHXCLA,0.04776537732319093
9,LBX194LA,0.03826963645990451
9,LBXF04LA,0.03155099832444176
9,LBX138LA,0.013355807592245642
9,LBXF05LA,0.01236498752030453
9,LBX170LA,0.009941506819174719
9,LBXD07LA,0.007695566409189043
9,LBX187LA,0.0065751188425672525
9,LBXD03LA,0.003516432254903397
9,LBX153LA,0.0032048191793494834
9,LBX180LA,0.0016668563695442947
10,LBXF04LA,0.2683221621758416
10,LBXF08LA,0.12129440146870422
10,LBXPCBLA,0.1052869838894683
10,LBX074LA,0.09261050688105384
10,LBX118LA,0.08328595804289463
10,LBX099LA,0.08030760276459196
10,LBXHXCLA,0.07236509298082848
10,LBXF03LA,0.03913367315324392
10,LBXD03LA,0.03778410011590701
10,LBXF05LA,0.027171720659848974
10,LBX194LA,0.026960352166297465
10,LBX170LA,0.018738539781158164
10,LBX153LA,0.011484879700340837
10,LBX138LA,0.006144925669466316
10,LBXD05LA,0.004368701354711581
10,LBX187LA,0.003011607242361907
10,LBXD07LA,0.001321253442081362
10,LBX180LA,4.0753851119857613e-4
11,LBXF08LA,0.2302750216165537
11,LBXF03LA,0.18889141904631807
11,LBXHXCLA,0.17499655096097635
11,LBXPCBLA,0.07543058111845888
11,LBXD07LA,0.05613926996760895
11,LBX138LA,0.053517127216664774
11,LBX099LA,0.0508890646412302
11,LBX074LA,0.04130227271937076
11,LBX118LA,0.03414157384179905
11,LBXF05LA,0.0319645438734872
11,LBXD05LA,0.028742702087220583
11,LBX153LA,0.01398011478183408
11,LBX194LA,0.009857888856228033
11,LBX187LA,0.00907296236319978
11,LBXF04LA,5.648687382567636e-4
11,LBX170LA,2.338996294720853e-4
11,LBX180LA,8.162349484127415e-8
11,LBXD03LA,5.691782590522004e-8
12,LBXPCBLA,0.2794674064718879
12,LBXF03LA,0.2139693347709313
12,LBX074LA,0.16834464916908798
12,LBX138LA,0.05865263101678688
12,LBXD05LA,0.05446801379684875
12,LBX187LA,0.0417659939984425
12,LBXF04LA,0.03625034433335851
12,LBX099LA,0.034472301334636114
12,LBX153LA,0.03429166699750961
12,LBXF08LA,0.01830904752967503
12,LBX170LA,0.015570162343175412
12,LBXD07LA,0.011853774776975643
12,LBX118LA,0.011052005905170971
12,LBXHXCLA,0.009077745436091137
12,LBXD03LA,0.005223988426866876
12,LBX180LA,0.003550834976211209
12,LBXF05LA,0.0024810718561325026
12,LBX194LA,0.0011990268602116725
13,LBXF03LA,0.1755091914822657
13,LBXPCBLA,0.17259382654356792
13,LBX153LA,0.11353624019964499
13,LBXHXCLA,0.10167515556849893
13,LBX138LA,0.09146511772049373
13,LBX118LA,0.0579687444696329
13,LBXF08LA,0.043047322621336905
13,LBX099LA,0.040443078768624706
13,LBX180LA,0.04034728234600136
13,LBXF05LA,0.03840412692349741
13,LBXF04LA,0.03627521117130624
13,LBXD05LA,0.03498201900447424
13,LBX194LA,0.020214455563571137
13,LBX074LA,0.014759454480659047
13,LBX170LA,0.010163489639629352
13,LBXD03LA,0.0037536740655557854
13,LBXD07LA,0.002457638755717559
13,LBX187LA,0.002403970675522082
14,LBX194LA,0.2186524987306912
14,LBX074LA,0.20394813669160824
14,LBXF03LA,0.18338369306794428
14,LBX099LA,0.1028548086023186
14,LBXPCBLA,0.07502531479657748
14,LBXF08LA,0.05528502884404444
14,LBX118LA,0.03962218365422563
14,LBXHXCLA,0.03181170082134035
14,LBXD03LA,0.023498274958024378
14,LBX153LA,0.021948680189776144
14,LBX170LA,0.016748728326784444
14,LBXF04LA,0.016635131878406574
14,LBX187LA,0.004344557482199917
14,LBX138LA,0.002392945415790107
14,LBXD07LA,0.0021643738841654954
14,LBX180LA,5.614375833578049e-4
14,LBXF05LA,5.61269235266328e-4
14,LBXD05LA,5.612358374785911e-4
15,LBXPCBLA,0.4110653977191228
15,LBX099LA,0.15220561930594576
15,LBXHXCLA,0.07263159841264998
15,LBX153LA,0.06986807955739192
15,LBXF08LA,0.06080340759093801
15,LBX138LA,0.052651266264279885
15,LBXF03LA,0.04357506927280591
15,LBXD07LA,0.04014018095935988
15,LBXD03LA,0.02395060729807097
15,LBX194LA,0.01674579884622534
15,LBXD05LA,0.01446094028104992
15,LBX074LA,0.012669927446565027
15,LBXF05LA,0.008818138430434393
15,LBX118LA,0.008808894583950998
15,LBX170LA,0.005256202059149334
15,LBXF04LA,0.002876068446869193
15,LBX180LA,0.0017364628639663152
15,LBX187LA,0.0017363406612277415
16,LBXF03LA,0.34154919280313395
16,LBX194LA,0.11782451169582411
16,LBX118LA,0.11675325842284572
16,LBX187LA,0.09297649627926875
16,LBXPCBLA,0.05747604666316696
16,LBXF05LA,0.04899546563991906
16,LBX153LA,0.04637482120311016
16,LBX074LA,0.04229499187833542
16,LBX138LA,0.03631765107606102
16,LBX099LA,0.03371303791454466
16,LBXHXCLA,0.02866674340105173
16,LBXF08LA,0.014994101156697807
16,LBX180LA,0.010611444411954649
16,LBX170LA,0.004734676048627532
16,LBXD05LA,0.004176328227107701
16,LBXF04LA,0.0013955559582570036
16,LBXD03LA,5.728864426565245e-4
16,LBXD07LA,5.727907774372531e-4
17,LBXF03LA,0.41904932946267603
17,LBX099LA,0.1907213544380339
17,LBXD05LA,0.07880788730504071
17,LBXF08LA,0.06815608926044495
17,LBXHXCLA,0.0656399646124601
17,LBXF04LA,0.048780795451109506
17,LBXD07LA,0.034240045047444885
17,LBXPCBLA,0.026294538444327928
17,LBX118LA,0.025982394046944295
17,LBXD03LA,0.013873570660534068
17,LBX194LA,0.007602323840802692
17,LBXF05LA,0.005341962030272761
17,LBX138LA,0.004917253590059973
17,LBX074LA,0.0038080974796981006
17,LBX170LA,0.003046623068986153
17,LBX180LA,0.0014924790547057383
17,LBX153LA,0.001122760651075991
17,LBX187LA,0.0011225315553822308
18,LBXF03LA,0.2757780009154343
18,LBX118LA,0.2578766692272872
18,LBXF08LA,0.19134525792658516
18,LBX153LA,0.05165185528085361
18,LBX074LA,0.05093019716328172
18,LBX099LA,0.050011248319128836
18,LBX194LA,0.0337080001844638
18,LBXPCBLA,0.03241358394948239
18,LBX138LA,0.022281341636277287
18,LBXHXCLA,0.01886239080739351
18,LBXF04LA,0.007649939937675195
18,LBX187LA,0.0033873027602206287
18,LBXF05LA,0.0019378738303531251
18,LBXD05LA,0.001595893982209968
18,LBX180LA,5.702832807228773e-4
18,LBXD03LA,7.381308290195536e-8
18,LBX170LA,6.674162211153921e-8
18,LBXD07LA,2.0243924352893697e-8
19,LBX099LA,0.3436038417060927
19,LBXF03LA,0.17415147412100668
19,LBXF08LA,0.11498805177348338
19,LBX118LA,0.0869757430239225
19,LBXHXCLA,0.07597196161154773
19,LBX180LA,0.05717038508798201
19,LBX074LA,0.0348777555934306
19,LBXPCBLA,0.02872651963477318
19,LBX138LA,0.028422428726695
19,LBX194LA,0.021448637225883846
19,LBXF04LA,0.015999957897239146
19,LBXF05LA,0.00992888343132362
19,LBXD05LA,0.0026525372479056885
19,LBXD07LA,0.002202802932416252
19,LBX153LA,0.0020386443579418737
19,LBXD03LA,8.400495188454917e-4
19,LBX187LA,1.7476803911832754e-7
19,LBX170LA,1.5134147090153982e-7
20,LBXPCBLA,0.2353903253932962
20,LBXHXCLA,0.16480783121533513
20,LBXF03LA,0.1282690317714589
20,LBXD03LA,0.07214885278257206
20,LBXF08LA,0.07160107025422274
20,LBX074LA,0.06978783592464524
20,LBX099LA,0.06390853897266366
20,LBXF05LA,0.06381471310561002
20,LBX118LA,0.06255418177532394
20,LBXF04LA,0.03288287945403542
20,LBX194LA,0.028430650247067143
20,LBXD05LA,0.0063326564792113285
20,LBX138LA,7.072170328782928e-5
20,LBX170LA,1.9062987013788633e-7
20,LBX153LA,1.7143398723823895e-7
20,LBX180LA,1.4429171334336722e-7
20,LBX187LA,1.1675280906194003e-7
20,LBXD07LA,8.781289060459918e-8
21,LBXF03LA,0.3023658857791515
21,LBX118LA,0.22304418136991774
21,LBXHXCLA,0.11266713005116642
21,LBXF08LA,0.1047890464560714
21,LBXPCBLA,0.08544822093266241
21,LBX194LA,0.04075679502098791
21,LBX099LA,0.02696350950670835
21,LBXD05LA,0.022859118407815418
21,LBX138LA,0.01923355014774969
21,LBX187LA,0.015223025599644729
21,LBX153LA,0.011240161993992982
21,LBX170LA,0.01085704466292699
21,LBXF04LA,0.010172346253937441
21,LBXD03LA,0.005289966827683845
21,LBX074LA,0.0042272805418079856
21,LBXD07LA,0.0025946266602825396
21,LBX180LA,0.0011341395708659955
21,LBXF05LA,0.0011339702166238072
22,LBXF08LA,0.23017659175694885
22,LBXD03LA,0.14179888815549613
22,LBX074LA,0.09743433153037294
22,LBXF04LA,0.09260738405487778
22,LBX118LA,0.08487425912120622
22,LBXPCBLA,0.08285135334283891
22,LBX099LA,0.07667172769935476
22,LBXHXCLA,0.051162088086319994
22,LBX194LA,0.04142917140019968
22,LBXF03LA,0.03266319994105412
22,LBX153LA,0.024115425013178225
22,LBXD07LA,0.02335617537905649
22,LBXD05LA,0.008426217462328238
22,LBX187LA,0.006166284162849295
22,LBXF05LA,0.0029441703334856786
22,LBX180LA,0.0017056010448366322
22,LBX138LA,0.0014775105102842055
22,LBX170LA,1.3962100531185955e-4
23,LBXF03LA,0.268802213152237
23,LBX099LA,0.1769627608760285
23,LBXHXCLA,0.16045033911723533
23,LBX118LA,0.09996262105023013
23,LBXF04LA,0.0649047590717751
23,LBX074LA,0.04268258014649869
23,LBX194LA,0.041539007386879545
23,LBXPCBLA,0.028376052835640576
23,LBX153LA,0.02800733097260589
23,LBXF08LA,0.023160897806989548
23,LBXD03LA,0.016792596523317667
23,LBX138LA,0.012952116724170525
23,LBX170LA,0.01107846762549249
23,LBXD07LA,0.007244724509330547
23,LBXD05LA,0.006563307353090971
23,LBX187LA,0.005839844097857091
23,LBXF05LA,0.0025968337095836733
23,LBX180LA,0.0020835470410367346
24,LBXF03LA,0.21411929328904122
24,LBXHXCLA,0.21287778694549486
24,LBX138LA,0.21094863014172072
24,LBXPCBLA,0.10557461798012963
24,LBX099LA,0.06456319207074135
24,LBX194LA,0.05326987421584773
24,LBXF08LA,0.051394089249574615
24,LBXF05LA,0.04229824855926079
24,LBXF04LA,0.01158765166072059
24,LBX187LA,0.0067027050288921315
24,LBX153LA,0.005526496951114442
24,LBX170LA,0.005352889868407666
24,LBXD05LA,0.005300124037891531
24,LBXD03LA,0.0038006814133099667
24,LBX118LA,0.0030187241663430136
24,LBX074LA,0.0017935454032143136
24,LBXD07LA,0.0010031171303254787
24,LBX180LA,8.683318879791682e-4
25,LBXF03LA,0.37680622794525714
25,LBX194LA,0.11454275916641952
25,LBX118LA,0.09662569778343028
25,LBXHXCLA,0.09327203005735402
25,LBXF08LA,0.0928463215157906
25,LBXPCBLA,0.07259620560911405
25,LBX074LA,0.06247741358472115
25,LBXF05LA,0.02786035671170266
25,LBXF04LA,0.022018852713817115
25,LBXD03LA,0.01678466933310108
25,LBX099LA,0.012422449613256918
25,LBX170LA,0.004368784207990267
25,LBXD05LA,0.0015809345597964477
25,LBX187LA,0.0013523832390150267
25,LBX153LA,0.0011112886992343486
25,LBX180LA,0.0011112477466613628
25,LBX138LA,0.0011112288158613849
25,LBXD07LA,0.0011111486974767716
26,LBXF03LA,0.5050012814506644
26,LBX099LA,0.13472493615628794
26,LBX118LA,0.0967343616751121
26,LBXHXCLA,0.07826291881702183
26,LBX074LA,0.05199067811774516
26,LBXF08LA,0.03564929937864692
26,LBXF04LA,0.032936161249545556
26,LBXF05LA,0.017606422189601196
26,LBXPCBLA,0.014658569348587626
26,LBXD03LA,0.011984938304276202
26,LBX194LA,0.008797141794871875
26,LBX138LA,0.007351719794868961
26,LBXD05LA,0.002441805167076775
26,LBXD07LA,0.0016231619419928838
26,LBX153LA,2.360991218027904e-4
26,LBX187LA,1.7756383468383447e-7
26,LBX170LA,1.7082752355324191e-7
26,LBX180LA,1.571005395364653e-7
27,LBXF03LA,0.23311556370726813
27,LBXPCBLA,0.21641791421055376
27,LBX074LA,0.15839125668055928
27,LBX118LA,0.11486473010424152
27,LBXF08LA,0.11451648507402376
27,LBX099LA,0.04457617225542421
27,LBXD05LA,0.028280941815191526
27,LBX153LA,0.019187234978652858
27,LBX138LA,0.01789791017141001
27,LBX187LA,0.015393874575763961
27,LBXHXCLA,0.01033389150003719
27,LBX194LA,0.008889012504189423
27,LBXF04LA,0.006147781114595109
27,LBXD07LA,0.005516979456248286
27,LBX180LA,0.0038866594055839998
27,LBX170LA,0.0014489598903442511
27,LBXD03LA,5.673241611876376e-4
27,LBXF05LA,5.673083947251046e-4
28,LBXF03LA,0.4932731675052964
28,LBX138LA,0.1303745738986904
28,LBX099LA,0.08589399152610677
28,LBXF05LA,0.07435639830409192
28,LBX118LA,0.06131169670999265
28,LBXPCBLA,0.02820336827806723
28,LBXF04LA,0.024381730618658694
28,LBXD05LA,0.02358792020184109
28,LBX074LA,0.02358648391664939
28,LBXHXCLA,0.01662446265584395
28,LBXD03LA,0.008437572732386699
28,LBXF08LA,0.006269073195336831
28,LBX153LA,0.005949214679521834
28,LBX194LA,0.004753360922987552
28,LBXD07LA,0.0037373376481779253
28,LBX170LA,0.0030865733788896094
28,LBX180LA,0.0030865464086950187
28,LBX187LA,0.003086527418766067
29,LBXF03LA,0.39529136785715313
29,LBXF08LA,0.2937576131076929
29,LBX099LA,0.16484958647076584
29,LBX118LA,0.05224556019177506
29,LBXF04LA,0.027716716969337862
29,LBXHXCLA,0.023356140957379007
29,LBXPCBLA,0.017196062999087745
29,LBXF05LA,0.007302147669662074
29,LBXD05LA,0.004602127964566852
29,LBX187LA,0.00400782249963779
29,LBX194LA,0.0031685852402146596
29,LBXD03LA,0.003137549151391491
29,LBX138LA,5.615018263446112e-4
29,LBX153LA,5.615002355291228e-4
29,LBX170LA,5.614830143227709e-4
29,LBX074LA,5.614472262613143e-4
29,LBX180LA,5.614298696489349e-4
29,LBXD07LA,5.613567492292638e-4
30,LBX194LA,0.3317243390962691
30,LBX153LA,0.09602242189540326
30,LBX187LA,0.09320334222349698
30,LBXHXCLA,0.07164948065915022
30,LBXF08LA,0.07025647343196968
30,LBX170LA,0.06538356136801327
30,LBX074LA,0.05065875667637697
30,LBXF03LA,0.044055234080668824
30,LBX099LA,0.04307368561887677
30,LBXPCBLA,0.02948736052679942
30,LBX118LA,0.02841562846882609
30,LBXF04LA,0.021256625589166012
30,LBXF05LA,0.013819262425766143
30,LBX180LA,0.013629886421522562
30,LBXD03LA,0.01194027924305424
30,LBXD07LA,0.008075951406103697
30,LBX138LA,0.007086713909821775
30,LBXD05LA,2.6099695871570317e-4
31,LBXF03LA,0.3534162736147198
31,LBX099LA,0.2703729807837202
31,LBXPCBLA,0.07665874215754889
31,LBXF08LA,0.07535218232963083
31,LBX074LA,0.052481590065897
31,LBXHXCLA,0.030556995104230582
31,LBXD07LA,0.022320518542680575
31,LBX138LA,0.01972006392894356
31,LBX170LA,0.017125225404801683
31,LBXD05LA,0.012131781929917687
31,LBXD03LA,0.011090614313697721
31,LBX118LA,0.01101422798709967
31,LBX194LA,0.010452272212613556
31,LBXF05LA,0.009376339701535246
31,LBX187LA,0.008582831709442065
31,LBX180LA,0.00761196468107258
31,LBX153LA,0.007290893329346324
31,LBXF04LA,0.0044445022031026436
32,LBX099LA,0.12950576914771195
32,LBXF08LA,0.10852303113491454
32,LBXD05LA,0.10201346290338296
32,LBX118LA,0.09929724897686282
32,LBXPCBLA,0.09460862913680389
32,LBXF05LA,0.0843376578516801
32,LBXHXCLA,0.07841907371599928
32,LBXF04LA,0.05119680792932131
32,LBXF03LA,0.04148359298950352
32,LBX074LA,0.03563202808198677
32,LBX194LA,0.03562663677804364
32,LBX187LA,0.033388254927963844
32,LBXD03LA,0.03046473864134008
32,LBX170LA,0.026802601108806234
32,LBX138LA,0.0233163555838444
32,LBX153LA,0.013916177641634707
32,LBXD07LA,0.010356711038697832
32,LBX180LA,0.0011112224115021319
33,LBXF03LA,0.2889796282707822
33,LBX194LA,0.1265400809619549
33,LBXHXCLA,0.10583112573881312
33,LBXPCBLA,0.10502971438338066
33,LBXF05LA,0.08388631199042541
33,LBX153LA,0.049649140536578415
33,LBXF08LA,0.04769518357776779
33,LBXD05LA,0.044899932889115965
33,LBX187LA,0.028225503126011964
33,LBX074LA,0.02684910825920116
33,LBX099LA,0.021388240352930823
33,LBXF04LA,0.01779581903618801
33,LBX180LA,0.015335135077816468
33,LBX138LA,0.011638012422759261
33,LBX118LA,0.010785555212595653
33,LBXD03LA,0.010739380595498643
33,LBX170LA,0.003307435435538267
33,LBXD07LA,0.0014246921326412849
34,LBXF03LA,0.39059431202107425
34,LBX099LA,0.16734635934590655
34,LBXPCBLA,0.1600364975465873
34,LBXF08LA,0.07328285410204531
34,LBXHXCLA,0.04855937835510658
34,LBX118LA,0.04765998397324014
34,LBX138LA,0.031286736648517284
34,LBXF05LA,0.017648721435466586
34,LBX194LA,0.011651364942411735
34,LBX170LA,0.011250408652656361
34,LBX153LA,0.010869099830096061
34,LBXF04LA,0.00932264020438541
34,LBX180LA,0.006847943205065034
34,LBX074LA,0.005961583701503381
34,LBX187LA,0.005767379949576632
34,LBXD07LA,8.033701869014121e-4
34,LBXD05LA,5.556848476955066e-4
34,LBXD03LA,5.556810517646707e-4
35,LBXF03LA,0.4101283402994387
35,LBXF08LA,0.24796898313262808
35,LBXHXCLA,0.1347500062427323
35,LBXPCBLA,0.09834425820483272
35,LBX194LA,0.043645185900010625
35,LBX099LA,0.017266228065920618
35,LBXF05LA,0.010097481225582173
35,LBX180LA,0.008238159746507413
35,LBX187LA,0.007773460100943593
35,LBX118LA,0.007516551288795192
35,LBXD07LA,0.005488229522112349
35,LBX170LA,0.005009172470785877
35,LBX074LA,0.0033858234366111848
35,LBXD03LA,3.866223091222363e-4
35,LBX138LA,4.914915642703409e-7
35,LBXF04LA,4.818889148865113e-7
35,LBX153LA,3.6923093783858045e-7
35,LBXD05LA,1.554425599670906e-7
36,LBXF03LA,0.22110350625817554
36,LBXF08LA,0.19488416498256228
36,LBXPCBLA,0.1661813527467193
36,LBXD05LA,0.12956852964450233
36,LBX194LA,0.1107417738950169
36,LBX118LA,0.057466610107163765
36,LBX074LA,0.033329375718524186
36,LBX187LA,0.023779009814779345
36,LBXD07LA,0.020917960810960767
36,LBXF05LA,0.012116794717857513
36,LBXD03LA,0.008325732995161334
36,LBX170LA,0.006103175403811416
36,LBX099LA,0.005646063536232759
36,LBXHXCLA,0.0031403908040819606
36,LBX138LA,0.0030717517271589066
36,LBX180LA,0.0012080243308168733
36,LBX153LA,0.0012079575955517396
36,LBXF04LA,0.0012078249109232348
37,LBXF03LA,0.2592443691200304
37,LBX099LA,0.19477275335127653
37,LBXF08LA,0.15138096391464323
37,LBXHXCLA,0.1436996592302063
37,LBXPCBLA,0.09032814443336085
37,LBX194LA,0.05665993724684351
37,LBX187LA,0.038608326648718154
37,LBX138LA,0.012341217636344612
37,LBXF05LA,0.012041328055945495
37,LBXD03LA,0.011324126722705238
37,LBX074LA,0.008947031073862965
37,LBX153LA,0.006696161434819343
37,LBX180LA,0.004891321728410563
37,LBX118LA,0.003466561745264511
37,LBX170LA,0.0027073095189546975
37,LBXD05LA,0.0019631573618284336
37,LBXD07LA,9.275126013610428e-4
37,LBXF04LA,1.1817542409839749e-7
38,LBXF03LA,0.17219026145131572
38,LBXHXCLA,0.16802566661744872
38,LBXF05LA,0.15156978081127592
38,LBX194LA,0.10030696841176097
38,LBXF08LA,0.08844810452256807
38,LBXPCBLA,0.07605961795414731
38,LBX118LA,0.05960068409394468
38,LBXD05LA,0.0483078711850069
38,LBXD03LA,0.04457981271975842
38,LBX099LA,0.03357100869006542
38,LBX170LA,0.016284692236106277
38,LBX074LA,0.012495554815829616
38,LBX187LA,0.011978378723337147
38,LBX153LA,0.007743985228892901
38,LBX180LA,0.0035496939981862407
38,LBX138LA,0.002570095785359951
38,LBXF04LA,0.0021619738850423343
38,LBXD07LA,5.558488699534038e-4
39,LBXPCBLA,0.2415031195260597
39,LBX194LA,0.1417995848406037
39,LBXF03LA,0.13346823641414568
39,LBXHXCLA,0.10357291415381743
39,LBXF08LA,0.0685783490366529
39,LBX187LA,0.05666066853333773
39,LBX118LA,0.043197733107240815
39,LBX099LA,0.0401296623973725
39,LBX170LA,0.030762025368697814
39,LBXF04LA,0.026417250826239372
39,LBX180LA,0.024827807761591242
39,LBX074LA,0.024659146991603497
39,LBXD03LA,0.019714799023640213
39,LBX153LA,0.018021386386256652
39,LBXF05LA,0.00999154805716728
39,LBXD05LA,0.007173854880531873
39,LBX138LA,0.005758082499943731
39,LBXD07LA,0.0037638301950981344
40,LBXHXCLA,0.21681486047702617
40,LBXF03LA,0.1819855285693475
40,LBX099LA,0.18064023450170663
40,LBXF04LA,0.09624288245554351
40,LBX138LA,0.08258109721524702
40,LBX118LA,0.07555141458520159
40,LBX074LA,0.037585802986928825
40,LBX194LA,0.03698650835912099
40,LBX187LA,0.016625159316568345
40,LBXPCBLA,0.01603491749554498
40,LBX153LA,0.01485315214663514
40,LBX170LA,0.01237216400017055
40,LBXF08LA,0.008853968324281562
40,LBXD03LA,0.007939907042269038
40,LBX180LA,0.00737251343292616
40,LBXD05LA,0.004837449958717838
40,LBXF05LA,0.0021668500132419515
40,LBXD07LA,5.555891195220831e-4
41,LBXF03LA,0.20022594665328727
41,LBX099LA,0.18929254005350335
41,LBXF08LA,0.17679767898469134
41,LBXPCBLA,0.1307549273211975
41,LBX074LA,0.11864083441027792
41,LBX118LA,0.06354316940106283
41,LBX194LA,0.05412187028223415
41,LBXHXCLA,0.03486954268675503
41,LBXD03LA,0.007047866308424362
41,LBXD05LA,0.00526755820518493
41,LBX187LA,0.00436015052304278
41,LBXF04LA,0.00377393425273621
41,LBXD07LA,0.0028852126083517716
41,LBX153LA,0.001683861042516032
41,LBX170LA,0.0016837868827346942
41,LBX180LA,0.0016837481022655054
41,LBX138LA,0.0016837413786255256
41,LBXF05LA,0.0016836309031089158
42,LBXF03LA,0.2851586430558882
42,LBXHXCLA,0.18617617460063085
42,LBX118LA,0.12624833484184583
42,LBX194LA,0.06669887707131535
42,LBX153LA,0.06467789300563628
42,LBXF08LA,0.046710082738096834
42,LBX099LA,0.046232589391992665
42,LBX074LA,0.0329837698815954
42,LBXD03LA,0.02937246917783917
42,LBXF05LA,0.022591515500539772
42,LBX138LA,0.0212985747173325
42,LBX180LA,0.017500241436600634
42,LBX187LA,0.01613891296836242
42,LBXPCBLA,0.0137315854657947
42,LBXF04LA,0.010609878270218687
42,LBX170LA,0.009182511651142944
42,LBXD05LA,0.0024270352124890694
42,LBXD07LA,0.002260911012679386
43,LBXF03LA,0.3074267589902427
43,LBXF08LA,0.23493862541422325
43,LBX099LA,0.12589771297039626
43,LBXPCBLA,0.1023504225628017
43,LBX138LA,0.06093205720392244
43,LBX194LA,0.048595299727834246
43,LBXD03LA,0.03578597798119908
43,LBXF05LA,0.02420830648660886
43,LBXHXCLA,0.02232328492763498
43,LBX153LA,0.01437075432526346
43,LBXF04LA,0.008372430731078313
43,LBX118LA,0.006447126078325009
43,LBX074LA,0.003807462378440924
43,LBXD05LA,0.0023209159597907584
43,LBX180LA,5.557566226044559e-4
43,LBX187LA,5.557260218879599e-4
43,LBX170LA,5.557237850383991e-4
43,LBXD07LA,5.556578327071961e-4
44,LBXF03LA,0.38249290818675946
44,LBX099LA,0.21935325574303136
44,LBX074LA,0.08006886685510438
44,LBX194LA,0.05962721984462214
44,LBXHXCLA,0.058032993541603635
44,LBXF08LA,0.05298473561779697
44,LBX118LA,0.04064642720842286
44,LBXF04LA,0.02634276728804588
44,LBXD03LA,0.0253783779688204
44,LBXPCBLA,0.017897643645573596
44,LBX170LA,0.017046563755489068
44,LBXD05LA,0.010321289930504017
44,LBXF05LA,0.00472500173066247
44,LBX153LA,0.002662902237146501
44,LBXD07LA,7.350293194867139e-4
44,LBX180LA,5.613512693339242e-4
44,LBX138LA,5.61335895857209e-4
44,LBX187LA,5.613299617388195e-4
45,LBXF03LA,0.3389212845431856
45,LBX099LA,0.19986874803007892
45,LBXD05LA,0.15567166975053773
45,LBXF04LA,0.05930813543154535
45,LBXHXCLA,0.04764760197079165
45,LBXF05LA,0.04231146080739132
45,LBXF08LA,0.04022174138801777
45,LBXD07LA,0.03520781019778637
45,LBX118LA,0.030945117041185473
45,LBXD03LA,0.030899277709694483
45,LBX138LA,0.0059998656340511745
45,LBX153LA,0.005546829993020976
45,LBXPCBLA,0.004785786424656631
45,LBX194LA,0.0018934603476980167
45,LBX074LA,7.707189130323184e-4
45,LBX180LA,1.7636576172949298e-7
45,LBX187LA,1.6935542483523918e-7
45,LBX170LA,1.4609613965837707e-7
46,LBX074LA,0.2327184132666122
46,LBXF08LA,0.20727926597036517
46,LBXPCBLA,0.17066895273460134
46,LBXF03LA,0.13201255064355186
46,LBX118LA,0.07117153844016072
46,LBX194LA,0.0336651185035514
46,LBXD07LA,0.03017270790741824
46,LBXF05LA,0.029607144514729882
46,LBXHXCLA,0.025186546888120737
46,LBX099LA,0.02247791286168835
46,LBXF04LA,0.018973781927324018
46,LBXD05LA,0.01084037799864557
46,LBXD03LA,0.005204804479122358
46,LBX187LA,0.004287352289631481
46,LBX170LA,0.002399825513804197
46,LBX180LA,0.0011112735071546994
46,LBX153LA,0.001111219568622517
46,LBX138LA,0.0011112129848952607
47,LBXF03LA,0.21931612162937167
47,LBX099LA,0.17175350423639998
47,LBXD03LA,0.13933990195818188
47,LBXF05LA,0.11993983063035855
47,LBXF08LA,0.0972614411570685
47,LBXD05LA,0.07051033630392163
47,LBXPCBLA,0.06778628401496872
47,LBXF04LA,0.055991616048506124
47,LBX074LA,0.019844238532422637
47,LBXD07LA,0.0116339272855085
47,LBX118LA,0.006703845658830817
47,LBX138LA,0.006165693386791865
47,LBXHXCLA,0.004348008714069895
47,LBX187LA,0.002118424654275018
47,LBX170LA,0.001821782810545794
47,LBX153LA,0.0018217089618880516
47,LBX194LA,0.0018216777923626085
47,LBX180LA,0.0018216562245277504
48,LBX194LA,0.19968206599100347
48,LBX099LA,0.14721469859647934
48,LBX118LA,0.12158046185163653
48,LBXD03LA,0.08203405516677147
48,LBXF03LA,0.07657589260211646
48,LBXF08LA,0.06286882550807626
48,LBXF04LA,0.05269073283934326
48,LBX153LA,0.05263019523301316
48,LBX074LA,0.04441809395881679
48,LBXPCBLA,0.04364246809768913
48,LBXHXCLA,0.034332414614381725
48,LBX187LA,0.029171558429122467
48,LBX138LA,0.013384194407612248
48,LBXD05LA,0.01300129743534864
48,LBX170LA,0.011447069342057156
48,LBXD07LA,0.009770203773332455
48,LBX180LA,0.0027779360123194917
48,LBXF05LA,0.0027778361408799424
49,LBX099LA,0.2826697116159159
49,LBXF03LA,0.16155391070649036
49,LBXF04LA,0.14541084428632653
49,LBX194LA,0.11090595722773372
49,LBX118LA,0.08149927917203019
49,LBXF08LA,0.06522061862075544
49,LBXHXCLA,0.04315833699060588
49,LBX074LA,0.03815765571509792
49,LBXPCBLA,0.02536236400944965
49,LBX138LA,0.012326173630785036
49,LBX187LA,0.007096903681265976
49,LBXD07LA,0.00585798723812448
49,LBXF05LA,0.004113210416438807
49,LBXD05LA,0.0041093589861706786
49,LBX180LA,0.0036571138849919777
49,LBX153LA,0.0033446680480683543
49,LBX170LA,0.002777972296461965
49,LBXD03LA,0.0027779334732871063
50,LBXF03LA,0.27887332646169366
50,LBX099LA,0.20487461995718412
50,LBXHXCLA,0.16007015278736147
50,LBXPCBLA,0.1066830796838079
50,LBX074LA,0.09825069425826555
50,LBX118LA,0.07419597793241288
50,LBX194LA,0.03139057020429236
50,LBX138LA,0.011856418034787769
50,LBX170LA,0.010240206976542975
50,LBX153LA,0.00655077084363762
50,LBX180LA,0.006331465790026547
50,LBXD03LA,0.006218893470811842
50,LBX187LA,0.0017186390952968896
50,LBXF04LA,0.0014772008919689077
50,LBXF08LA,0.0012676674636306372
50,LBXF05LA,1.90634287668818e-7
50,LBXD07LA,6.326509981772226e-8
50,LBXD05LA,6.224889121020171e-8
